transaction_id,source_inventory_id,destination_inventory_id,quantity_in,loss_percent
TXN-B1001-1,COLLECTION_SOURCE,INV-B1001-1,1491.87,5.15
TXN-B1001-2,INV-B1001-1,INV-B1001-2,1415.03,9.05
TXN-B1001-3,INV-B1001-2,INV-B1001-3,1287.01,6.49
TXN-B1001-4,INV-B1001-3,INV-B1001-4,1203.43,9.3
TXN-B1001-5,INV-B1001-4,INV-B1001-5,1091.54,2.85
TXN-B1002-1,COLLECTION_SOURCE,INV-B1002-1,658.24,5.94
TXN-B1002-2,INV-B1002-1,INV-B1002-2,619.11,7.74
TXN-B1002-3,INV-B1002-2,INV-B1002-3,571.21,7.52
TXN-B1002-4,INV-B1002-3,INV-B1002-4,528.24,4.25
TXN-B1002-5,INV-B1002-4,INV-B1002-5,505.8,8.99
TXN-B1003-1,COLLECTION_SOURCE,INV-B1003-1,546.0,8.77
TXN-B1003-2,INV-B1003-1,INV-B1003-2,498.12,8.01
TXN-B1003-3,INV-B1003-2,INV-B1003-3,458.22,5.03
TXN-B1003-4,INV-B1003-3,INV-B1003-4,435.18,6.99
TXN-B1003-5,INV-B1003-4,INV-B1003-5,404.76,4.1
TXN-B1004-1,COLLECTION_SOURCE,INV-B1004-1,1124.39,2.97
TXN-B1004-2,INV-B1004-1,INV-B1004-2,1091.01,4.35
TXN-B1004-3,INV-B1004-2,INV-B1004-3,1043.55,5.65
TXN-B1004-4,INV-B1004-3,INV-B1004-4,984.57,3.18
TXN-B1004-5,INV-B1004-4,INV-B1004-5,953.25,2.65
TXN-B1005-1,COLLECTION_SOURCE,INV-B1005-1,1232.99,7.98
TXN-B1005-2,INV-B1005-1,INV-B1005-2,1134.55,6.42
TXN-B1005-3,INV-B1005-2,INV-B1005-3,1061.75,2.41
TXN-B1005-4,INV-B1005-3,INV-B1005-4,1036.2,9.09
TXN-B1005-5,INV-B1005-4,INV-B1005-5,942.03,9.78
TXN-B1006-1,COLLECTION_SOURCE,INV-B1006-1,642.31,9.12
TXN-B1006-2,INV-B1006-1,INV-B1006-2,583.75,6.82
TXN-B1006-3,INV-B1006-2,INV-B1006-3,543.95,3.06
TXN-B1006-4,INV-B1006-3,INV-B1006-4,527.31,3.08
TXN-B1006-5,INV-B1006-4,INV-B1006-5,511.08,4.74
TXN-B1007-1,COLLECTION_SOURCE,INV-B1007-1,697.79,8.12
TXN-B1007-2,INV-B1007-1,INV-B1007-2,641.13,4.28
TXN-B1007-3,INV-B1007-2,INV-B1007-3,613.7,8.91
TXN-B1007-4,INV-B1007-3,INV-B1007-4,558.99,6.26
TXN-B1007-5,INV-B1007-4,INV-B1007-5,523.99,5.15
TXN-B1008-1,COLLECTION_SOURCE,INV-B1008-1,1146.52,7.66
TXN-B1008-2,INV-B1008-1,INV-B1008-2,1058.75,8.48
TXN-B1008-3,INV-B1008-2,INV-B1008-3,968.93,5.71
TXN-B1008-4,INV-B1008-3,INV-B1008-4,913.58,2.21
TXN-B1008-5,INV-B1008-4,INV-B1008-5,893.36,4.41
TXN-B1009-1,COLLECTION_SOURCE,INV-B1009-1,1348.76,3.56
TXN-B1009-2,INV-B1009-1,INV-B1009-2,1300.71,5.9
TXN-B1009-3,INV-B1009-2,INV-B1009-3,1224.01,8.4
TXN-B1009-4,INV-B1009-3,INV-B1009-4,1121.2,2.77
TXN-B1009-5,INV-B1009-4,INV-B1009-5,1090.18,7.86
TXN-B1010-1,COLLECTION_SOURCE,INV-B1010-1,675.41,5.82
TXN-B1010-2,INV-B1010-1,INV-B1010-2,636.1,5.52
TXN-B1010-3,INV-B1010-2,INV-B1010-3,600.99,9.83
TXN-B1010-4,INV-B1010-3,INV-B1010-4,541.93,7.82
TXN-B1010-5,INV-B1010-4,INV-B1010-5,499.54,9.84
TXN-B1011-1,COLLECTION_SOURCE,INV-B1011-1,678.8,8.29
TXN-B1011-2,INV-B1011-1,INV-B1011-2,622.49,5.23
TXN-B1011-3,INV-B1011-2,INV-B1011-3,589.95,3.59
TXN-B1011-4,INV-B1011-3,INV-B1011-4,568.76,6.89
TXN-B1011-5,INV-B1011-4,INV-B1011-5,529.56,8.31
TXN-B1012-1,COLLECTION_SOURCE,INV-B1012-1,1462.42,3.5
TXN-B1012-2,INV-B1012-1,INV-B1012-2,1411.24,7.2
TXN-B1012-3,INV-B1012-2,INV-B1012-3,1309.66,2.66
TXN-B1012-4,INV-B1012-3,INV-B1012-4,1274.86,7.41
TXN-B1012-5,INV-B1012-4,INV-B1012-5,1180.44,3.3
TXN-B1013-1,COLLECTION_SOURCE,INV-B1013-1,612.52,5.25
TXN-B1013-2,INV-B1013-1,INV-B1013-2,580.37,8.57
TXN-B1013-3,INV-B1013-2,INV-B1013-3,530.64,9.79
TXN-B1013-4,INV-B1013-3,INV-B1013-4,478.69,8.34
TXN-B1013-5,INV-B1013-4,INV-B1013-5,438.77,7.27
TXN-B1014-1,COLLECTION_SOURCE,INV-B1014-1,857.31,6.34
TXN-B1014-2,INV-B1014-1,INV-B1014-2,802.97,5.6
TXN-B1014-3,INV-B1014-2,INV-B1014-3,758.03,2.11
TXN-B1014-4,INV-B1014-3,INV-B1014-4,742.07,8.76
TXN-B1014-5,INV-B1014-4,INV-B1014-5,677.06,4.82
TXN-B1015-1,COLLECTION_SOURCE,INV-B1015-1,1284.64,2.37
TXN-B1015-2,INV-B1015-1,INV-B1015-2,1254.18,6.65
TXN-B1015-3,INV-B1015-2,INV-B1015-3,1170.72,9.58
TXN-B1015-4,INV-B1015-3,INV-B1015-4,1058.61,4.97
TXN-B1015-5,INV-B1015-4,INV-B1015-5,1005.99,2.29
TXN-B1016-1,COLLECTION_SOURCE,INV-B1016-1,1424.73,2.14
TXN-B1016-2,INV-B1016-1,INV-B1016-2,1394.26,9.8
TXN-B1016-3,INV-B1016-2,INV-B1016-3,1257.67,4.83
TXN-B1016-4,INV-B1016-3,INV-B1016-4,1196.91,6.79
TXN-B1016-5,INV-B1016-4,INV-B1016-5,1115.62,2.62
TXN-B1017-1,COLLECTION_SOURCE,INV-B1017-1,1265.17,2.31
TXN-B1017-2,INV-B1017-1,INV-B1017-2,1235.9,2.96
TXN-B1017-3,INV-B1017-2,INV-B1017-3,1199.33,8.3
TXN-B1017-4,INV-B1017-3,INV-B1017-4,1099.78,4.31
TXN-B1017-5,INV-B1017-4,INV-B1017-5,1052.34,4.11
TXN-B1018-1,COLLECTION_SOURCE,INV-B1018-1,1605.85,8.69
TXN-B1018-2,INV-B1018-1,INV-B1018-2,1466.26,6.06
TXN-B1018-3,INV-B1018-2,INV-B1018-3,1377.35,9.8
TXN-B1018-4,INV-B1018-3,INV-B1018-4,1242.42,2.84
TXN-B1018-5,INV-B1018-4,INV-B1018-5,1207.08,6.58
TXN-B1019-1,COLLECTION_SOURCE,INV-B1019-1,1379.06,7.12
TXN-B1019-2,INV-B1019-1,INV-B1019-2,1280.89,8.31
TXN-B1019-3,INV-B1019-2,INV-B1019-3,1174.46,7.93
TXN-B1019-4,INV-B1019-3,INV-B1019-4,1081.3,6.82
TXN-B1019-5,INV-B1019-4,INV-B1019-5,1007.55,4.39
TXN-B1020-1,COLLECTION_SOURCE,INV-B1020-1,1417.85,7.04
TXN-B1020-2,INV-B1020-1,INV-B1020-2,1318.03,4.15
TXN-B1020-3,INV-B1020-2,INV-B1020-3,1263.27,5.56
TXN-B1020-4,INV-B1020-3,INV-B1020-4,1193.05,2.9
TXN-B1020-5,INV-B1020-4,INV-B1020-5,1158.48,6.17
TXN-B1021-1,COLLECTION_SOURCE,INV-B1021-1,1333.91,21.81
TXN-B1021-2,INV-B1021-1,INV-B1021-2,1043.01,19.13
TXN-B1021-3,INV-B1021-2,INV-B1021-3,843.53,11.78
TXN-B1021-4,INV-B1021-3,INV-B1021-4,744.13,22.56
TXN-B1021-5,INV-B1021-4,INV-B1021-5,576.23,19.61
TXN-B1022-1,COLLECTION_SOURCE,INV-B1022-1,934.08,19.53
TXN-B1022-2,INV-B1022-1,INV-B1022-2,751.63,23.2
TXN-B1022-3,INV-B1022-2,INV-B1022-3,577.25,17.46
TXN-B1022-4,INV-B1022-3,INV-B1022-4,476.44,22.76
TXN-B1022-5,INV-B1022-4,INV-B1022-5,367.98,18.6
TXN-B1023-1,COLLECTION_SOURCE,INV-B1023-1,1992.22,11.31
TXN-B1023-2,INV-B1023-1,INV-B1023-2,1766.86,10.85
TXN-B1023-3,INV-B1023-2,INV-B1023-3,1575.17,12.63
TXN-B1023-4,INV-B1023-3,INV-B1023-4,1376.3,20.88
TXN-B1023-5,INV-B1023-4,INV-B1023-5,1088.98,12.05
TXN-B1024-1,COLLECTION_SOURCE,INV-B1024-1,915.77,24.38
TXN-B1024-2,INV-B1024-1,INV-B1024-2,692.51,19.35
TXN-B1024-3,INV-B1024-2,INV-B1024-3,558.5,15.84
TXN-B1024-4,INV-B1024-3,INV-B1024-4,470.05,24.19
TXN-B1024-5,INV-B1024-4,INV-B1024-5,356.34,18.41
TXN-B1025-1,COLLECTION_SOURCE,INV-B1025-1,1474.4,13.53
TXN-B1025-2,INV-B1025-1,INV-B1025-2,1274.9,11.83
TXN-B1025-3,INV-B1025-2,INV-B1025-3,1124.11,23.08
TXN-B1025-4,INV-B1025-3,INV-B1025-4,864.67,12.16
TXN-B1025-5,INV-B1025-4,INV-B1025-5,759.56,24.37
TXN-B1026-1,COLLECTION_SOURCE,INV-B1026-1,1042.43,10.42
TXN-B1026-2,INV-B1026-1,INV-B1026-2,933.76,20.85
TXN-B1026-3,INV-B1026-2,INV-B1026-3,739.08,19.42
TXN-B1026-4,INV-B1026-3,INV-B1026-4,595.54,22.75
TXN-B1026-5,INV-B1026-4,INV-B1026-5,460.07,10.34
TXN-B1027-1,COLLECTION_SOURCE,INV-B1027-1,1862.03,10.31
TXN-B1027-2,INV-B1027-1,INV-B1027-2,1670.09,19.45
TXN-B1027-3,INV-B1027-2,INV-B1027-3,1345.29,21.34
TXN-B1027-4,INV-B1027-3,INV-B1027-4,1058.21,16.3
TXN-B1027-5,INV-B1027-4,INV-B1027-5,885.73,17.8
TXN-B1028-1,COLLECTION_SOURCE,INV-B1028-1,695.48,20.19
TXN-B1028-2,INV-B1028-1,INV-B1028-2,555.1,23.25
TXN-B1028-3,INV-B1028-2,INV-B1028-3,426.02,10.81
TXN-B1028-4,INV-B1028-3,INV-B1028-4,379.98,24.09
TXN-B1028-5,INV-B1028-4,INV-B1028-5,288.44,22.25
TXN-B1029-1,COLLECTION_SOURCE,INV-B1029-1,990.25,20.3
TXN-B1029-2,INV-B1029-1,INV-B1029-2,789.24,10.99
TXN-B1029-3,INV-B1029-2,INV-B1029-3,702.51,18.94
TXN-B1029-4,INV-B1029-3,INV-B1029-4,569.44,20.72
TXN-B1029-5,INV-B1029-4,INV-B1029-5,451.47,10.25
TXN-B1030-1,COLLECTION_SOURCE,INV-B1030-1,836.24,19.1
TXN-B1030-2,INV-B1030-1,INV-B1030-2,676.51,12.59
TXN-B1030-3,INV-B1030-2,INV-B1030-3,591.35,19.89
TXN-B1030-4,INV-B1030-3,INV-B1030-4,473.74,13.25
TXN-B1030-5,INV-B1030-4,INV-B1030-5,410.96,10.2
TXN-B1031-1,COLLECTION_SOURCE,INV-B1031-1,731.32,17.57
TXN-B1031-2,INV-B1031-1,INV-B1031-2,602.8,11.42
TXN-B1031-3,INV-B1031-2,INV-B1031-3,533.94,10.31
TXN-B1031-4,INV-B1031-3,INV-B1031-4,478.87,11.3
TXN-B1031-5,INV-B1031-4,INV-B1031-5,424.73,12.0
TXN-B1032-1,COLLECTION_SOURCE,INV-B1032-1,1619.16,21.56
TXN-B1032-2,INV-B1032-1,INV-B1032-2,1270.06,24.82
TXN-B1032-3,INV-B1032-2,INV-B1032-3,954.83,18.19
TXN-B1032-4,INV-B1032-3,INV-B1032-4,781.1,14.37
TXN-B1032-5,INV-B1032-4,INV-B1032-5,668.85,17.04
TXN-B1033-1,COLLECTION_SOURCE,INV-B1033-1,1134.03,22.96
TXN-B1033-2,INV-B1033-1,INV-B1033-2,873.69,17.58
TXN-B1033-3,INV-B1033-2,INV-B1033-3,720.09,21.0
TXN-B1033-4,INV-B1033-3,INV-B1033-4,568.87,18.19
TXN-B1033-5,INV-B1033-4,INV-B1033-5,465.38,13.64
TXN-B1034-1,COLLECTION_SOURCE,INV-B1034-1,821.21,18.09
TXN-B1034-2,INV-B1034-1,INV-B1034-2,672.64,12.31
TXN-B1034-3,INV-B1034-2,INV-B1034-3,589.85,11.04
TXN-B1034-4,INV-B1034-3,INV-B1034-4,524.75,21.18
TXN-B1034-5,INV-B1034-4,INV-B1034-5,413.63,21.89
TXN-B1035-1,COLLECTION_SOURCE,INV-B1035-1,1391.64,12.36
TXN-B1035-2,INV-B1035-1,INV-B1035-2,1219.59,21.0
TXN-B1035-3,INV-B1035-2,INV-B1035-3,963.42,21.8
TXN-B1035-4,INV-B1035-3,INV-B1035-4,753.39,10.55
TXN-B1035-5,INV-B1035-4,INV-B1035-5,673.88,12.64
TXN-B1036-1,COLLECTION_SOURCE,INV-B1036-1,701.01,16.19
TXN-B1036-2,INV-B1036-1,INV-B1036-2,587.54,23.31
TXN-B1036-3,INV-B1036-2,INV-B1036-3,450.56,18.93
TXN-B1036-4,INV-B1036-3,INV-B1036-4,365.29,16.71
TXN-B1036-5,INV-B1036-4,INV-B1036-5,304.24,22.17
TXN-B1037-1,COLLECTION_SOURCE,INV-B1037-1,1993.52,11.47
TXN-B1037-2,INV-B1037-1,INV-B1037-2,1764.96,10.36
TXN-B1037-3,INV-B1037-2,INV-B1037-3,1582.09,18.57
TXN-B1037-4,INV-B1037-3,INV-B1037-4,1288.28,11.78
TXN-B1037-5,INV-B1037-4,INV-B1037-5,1136.54,17.83
TXN-B1038-1,COLLECTION_SOURCE,INV-B1038-1,1332.51,17.02
TXN-B1038-2,INV-B1038-1,INV-B1038-2,1105.68,24.77
TXN-B1038-3,INV-B1038-2,INV-B1038-3,831.84,22.13
TXN-B1038-4,INV-B1038-3,INV-B1038-4,647.77,18.08
TXN-B1038-5,INV-B1038-4,INV-B1038-5,530.67,15.75
TXN-B1039-1,COLLECTION_SOURCE,INV-B1039-1,997.95,20.25
TXN-B1039-2,INV-B1039-1,INV-B1039-2,795.9,22.08
TXN-B1039-3,INV-B1039-2,INV-B1039-3,620.2,18.64
TXN-B1039-4,INV-B1039-3,INV-B1039-4,504.61,15.57
TXN-B1039-5,INV-B1039-4,INV-B1039-5,426.03,22.63
TXN-B1040-1,COLLECTION_SOURCE,INV-B1040-1,928.39,11.54
TXN-B1040-2,INV-B1040-1,INV-B1040-2,821.22,22.8
TXN-B1040-3,INV-B1040-2,INV-B1040-3,634.0,19.67
TXN-B1040-4,INV-B1040-3,INV-B1040-4,509.3,18.75
TXN-B1040-5,INV-B1040-4,INV-B1040-5,413.83,10.77
TXN-B1041-1,COLLECTION_SOURCE,INV-B1041-1,1412.55,48.96
TXN-B1041-2,INV-B1041-1,INV-B1041-2,720.97,42.95
TXN-B1041-3,INV-B1041-2,INV-B1041-3,411.32,33.47
TXN-B1041-4,INV-B1041-3,INV-B1041-4,273.66,41.91
TXN-B1041-5,INV-B1041-4,INV-B1041-5,158.96,47.69
TXN-B1042-1,COLLECTION_SOURCE,INV-B1042-1,887.3,42.91
TXN-B1042-2,INV-B1042-1,INV-B1042-2,506.54,49.88
TXN-B1042-3,INV-B1042-2,INV-B1042-3,253.89,30.44
TXN-B1042-4,INV-B1042-3,INV-B1042-4,176.6,45.28
TXN-B1042-5,INV-B1042-4,INV-B1042-5,96.63,30.01
TXN-B1043-1,COLLECTION_SOURCE,INV-B1043-1,846.5,31.33
TXN-B1043-2,INV-B1043-1,INV-B1043-2,581.28,50.03
TXN-B1043-3,INV-B1043-2,INV-B1043-3,290.48,47.36
TXN-B1043-4,INV-B1043-3,INV-B1043-4,152.9,36.84
TXN-B1043-5,INV-B1043-4,INV-B1043-5,96.57,47.82
TXN-B1044-1,COLLECTION_SOURCE,INV-B1044-1,1371.88,31.33
TXN-B1044-2,INV-B1044-1,INV-B1044-2,942.01,59.77
TXN-B1044-3,INV-B1044-2,INV-B1044-3,378.95,46.38
TXN-B1044-4,INV-B1044-3,INV-B1044-4,203.19,37.53
TXN-B1044-5,INV-B1044-4,INV-B1044-5,126.94,46.35
TXN-B1045-1,COLLECTION_SOURCE,INV-B1045-1,1689.47,32.9
TXN-B1045-2,INV-B1045-1,INV-B1045-2,1133.6,48.76
TXN-B1045-3,INV-B1045-2,INV-B1045-3,580.87,35.76
TXN-B1045-4,INV-B1045-3,INV-B1045-4,373.18,37.13
TXN-B1045-5,INV-B1045-4,INV-B1045-5,234.62,43.52
TXN-B1046-1,COLLECTION_SOURCE,INV-B1046-1,1910.23,39.85
TXN-B1046-2,INV-B1046-1,INV-B1046-2,1149.07,54.3
TXN-B1046-3,INV-B1046-2,INV-B1046-3,525.14,32.28
TXN-B1046-4,INV-B1046-3,INV-B1046-4,355.63,34.47
TXN-B1046-5,INV-B1046-4,INV-B1046-5,233.03,38.32
TXN-B1047-1,COLLECTION_SOURCE,INV-B1047-1,1020.41,30.83
TXN-B1047-2,INV-B1047-1,INV-B1047-2,705.8,57.04
TXN-B1047-3,INV-B1047-2,INV-B1047-3,303.21,41.7
TXN-B1047-4,INV-B1047-3,INV-B1047-4,176.77,49.95
TXN-B1047-5,INV-B1047-4,INV-B1047-5,88.47,48.47
TXN-B1048-1,COLLECTION_SOURCE,INV-B1048-1,1819.55,34.25
TXN-B1048-2,INV-B1048-1,INV-B1048-2,1196.29,54.08
TXN-B1048-3,INV-B1048-2,INV-B1048-3,549.34,35.97
TXN-B1048-4,INV-B1048-3,INV-B1048-4,351.73,45.9
TXN-B1048-5,INV-B1048-4,INV-B1048-5,190.27,49.15
TXN-B1049-1,COLLECTION_SOURCE,INV-B1049-1,1968.2,35.38
TXN-B1049-2,INV-B1049-1,INV-B1049-2,1271.86,48.32
TXN-B1049-3,INV-B1049-2,INV-B1049-3,657.36,43.69
TXN-B1049-4,INV-B1049-3,INV-B1049-4,370.16,38.71
TXN-B1049-5,INV-B1049-4,INV-B1049-5,226.87,37.36
TXN-B1050-1,COLLECTION_SOURCE,INV-B1050-1,1913.07,44.65
TXN-B1050-2,INV-B1050-1,INV-B1050-2,1058.92,51.32
TXN-B1050-3,INV-B1050-2,INV-B1050-3,515.48,44.62
TXN-B1050-4,INV-B1050-3,INV-B1050-4,285.48,35.66
TXN-B1050-5,INV-B1050-4,INV-B1050-5,183.67,47.75
TXN-B1051-1,COLLECTION_SOURCE,INV-B1051-1,1518.6,30.65
TXN-B1051-2,INV-B1051-1,INV-B1051-2,1053.22,52.31
TXN-B1051-3,INV-B1051-2,INV-B1051-3,502.25,47.91
TXN-B1051-4,INV-B1051-3,INV-B1051-4,261.62,32.5
TXN-B1051-5,INV-B1051-4,INV-B1051-5,176.6,36.46
TXN-B1052-1,COLLECTION_SOURCE,INV-B1052-1,527.29,39.17
TXN-B1052-2,INV-B1052-1,INV-B1052-2,320.76,56.23
TXN-B1052-3,INV-B1052-2,INV-B1052-3,140.39,44.87
TXN-B1052-4,INV-B1052-3,INV-B1052-4,77.4,43.1
TXN-B1052-5,INV-B1052-4,INV-B1052-5,44.04,44.31
TXN-B1053-1,COLLECTION_SOURCE,INV-B1053-1,1665.36,36.71
TXN-B1053-2,INV-B1053-1,INV-B1053-2,1054.08,41.66
TXN-B1053-3,INV-B1053-2,INV-B1053-3,614.94,31.82
TXN-B1053-4,INV-B1053-3,INV-B1053-4,419.25,35.87
TXN-B1053-5,INV-B1053-4,INV-B1053-5,268.87,35.39
TXN-B1054-1,COLLECTION_SOURCE,INV-B1054-1,1047.37,39.76
TXN-B1054-2,INV-B1054-1,INV-B1054-2,630.9,43.82
TXN-B1054-3,INV-B1054-2,INV-B1054-3,354.41,44.38
TXN-B1054-4,INV-B1054-3,INV-B1054-4,197.13,45.74
TXN-B1054-5,INV-B1054-4,INV-B1054-5,106.96,48.96
TXN-B1055-1,COLLECTION_SOURCE,INV-B1055-1,1994.9,33.11
TXN-B1055-2,INV-B1055-1,INV-B1055-2,1334.45,59.71
TXN-B1055-3,INV-B1055-2,INV-B1055-3,537.59,42.37
TXN-B1055-4,INV-B1055-3,INV-B1055-4,309.79,33.66
TXN-B1055-5,INV-B1055-4,INV-B1055-5,205.51,43.75
TXN-B1056-1,COLLECTION_SOURCE,INV-B1056-1,1149.63,33.6
TXN-B1056-2,INV-B1056-1,INV-B1056-2,763.32,50.46
TXN-B1056-3,INV-B1056-2,INV-B1056-3,378.12,46.87
TXN-B1056-4,INV-B1056-3,INV-B1056-4,200.91,39.68
TXN-B1056-5,INV-B1056-4,INV-B1056-5,121.18,30.24
TXN-B1057-1,COLLECTION_SOURCE,INV-B1057-1,1109.13,44.51
TXN-B1057-2,INV-B1057-1,INV-B1057-2,615.41,42.7
TXN-B1057-3,INV-B1057-2,INV-B1057-3,352.63,46.34
TXN-B1057-4,INV-B1057-3,INV-B1057-4,189.22,30.05
TXN-B1057-5,INV-B1057-4,INV-B1057-5,132.35,42.27
TXN-B1058-1,COLLECTION_SOURCE,INV-B1058-1,740.87,37.87
TXN-B1058-2,INV-B1058-1,INV-B1058-2,460.31,56.04
TXN-B1058-3,INV-B1058-2,INV-B1058-3,202.37,45.73
TXN-B1058-4,INV-B1058-3,INV-B1058-4,109.83,44.57
TXN-B1058-5,INV-B1058-4,INV-B1058-5,60.88,32.74
TXN-B1059-1,COLLECTION_SOURCE,INV-B1059-1,1371.87,37.06
TXN-B1059-2,INV-B1059-1,INV-B1059-2,863.51,49.94
TXN-B1059-3,INV-B1059-2,INV-B1059-3,432.25,47.32
TXN-B1059-4,INV-B1059-3,INV-B1059-4,227.69,44.68
TXN-B1059-5,INV-B1059-4,INV-B1059-5,125.95,36.47
TXN-B1060-1,COLLECTION_SOURCE,INV-B1060-1,1660.16,41.85
TXN-B1060-2,INV-B1060-1,INV-B1060-2,965.46,51.74
TXN-B1060-3,INV-B1060-2,INV-B1060-3,465.9,44.79
TXN-B1060-4,INV-B1060-3,INV-B1060-4,257.2,32.24
TXN-B1060-5,INV-B1060-4,INV-B1060-5,174.27,33.63
TXN-B1061-1,COLLECTION_SOURCE,INV-B1061-1,1242.01,5.46
TXN-B1061-2,INV-B1061-1,INV-B1061-2,1174.25,9.34
TXN-B1061-3,INV-B1061-2,INV-B1061-3,1064.53,8.41
TXN-B1061-4,INV-B1061-3,INV-B1061-4,974.96,6.48
TXN-B1061-5,INV-B1061-4,INV-B1061-5,911.79,9.48
TXN-B1062-1,COLLECTION_SOURCE,INV-B1062-1,849.98,5.94
TXN-B1062-2,INV-B1062-1,INV-B1062-2,799.53,8.43
TXN-B1062-3,INV-B1062-2,INV-B1062-3,732.16,7.0
TXN-B1062-4,INV-B1062-3,INV-B1062-4,680.9,6.53
TXN-B1062-5,INV-B1062-4,INV-B1062-5,636.42,6.71
TXN-B1063-1,COLLECTION_SOURCE,INV-B1063-1,880.01,6.33
TXN-B1063-2,INV-B1063-1,INV-B1063-2,824.33,6.4
TXN-B1063-3,INV-B1063-2,INV-B1063-3,771.6,8.59
TXN-B1063-4,INV-B1063-3,INV-B1063-4,705.33,6.75
TXN-B1063-5,INV-B1063-4,INV-B1063-5,657.7,7.7
TXN-B1064-1,COLLECTION_SOURCE,INV-B1064-1,1998.57,6.48
TXN-B1064-2,INV-B1064-1,INV-B1064-2,1869.09,9.0
TXN-B1064-3,INV-B1064-2,INV-B1064-3,1700.88,6.98
TXN-B1064-4,INV-B1064-3,INV-B1064-4,1582.14,5.61
TXN-B1064-5,INV-B1064-4,INV-B1064-5,1493.45,5.58
TXN-B1065-1,COLLECTION_SOURCE,INV-B1065-1,552.79,5.66
TXN-B1065-2,INV-B1065-1,INV-B1065-2,521.52,8.39
TXN-B1065-3,INV-B1065-2,INV-B1065-3,477.78,9.76
TXN-B1065-4,INV-B1065-3,INV-B1065-4,431.13,8.56
TXN-B1065-5,INV-B1065-4,INV-B1065-5,394.21,5.46
TXN-B1066-1,COLLECTION_SOURCE,INV-B1066-1,749.5,9.18
TXN-B1066-2,INV-B1066-1,INV-B1066-2,680.67,9.42
TXN-B1066-3,INV-B1066-2,INV-B1066-3,616.58,7.64
TXN-B1066-4,INV-B1066-3,INV-B1066-4,569.45,9.93
TXN-B1066-5,INV-B1066-4,INV-B1066-5,512.93,5.48
TXN-B1067-1,COLLECTION_SOURCE,INV-B1067-1,1145.43,6.87
TXN-B1067-2,INV-B1067-1,INV-B1067-2,1066.77,9.77
TXN-B1067-3,INV-B1067-2,INV-B1067-3,962.51,7.03
TXN-B1067-4,INV-B1067-3,INV-B1067-4,894.88,5.44
TXN-B1067-5,INV-B1067-4,INV-B1067-5,846.21,5.69
TXN-B1068-1,COLLECTION_SOURCE,INV-B1068-1,1608.7,8.92
TXN-B1068-2,INV-B1068-1,INV-B1068-2,1465.2,5.67
TXN-B1068-3,INV-B1068-2,INV-B1068-3,1382.16,8.89
TXN-B1068-4,INV-B1068-3,INV-B1068-4,1259.25,8.41
TXN-B1068-5,INV-B1068-4,INV-B1068-5,1153.37,9.23
TXN-B1069-1,COLLECTION_SOURCE,INV-B1069-1,644.0,9.16
TXN-B1069-2,INV-B1069-1,INV-B1069-2,585.01,5.06
TXN-B1069-3,INV-B1069-2,INV-B1069-3,555.43,8.83
TXN-B1069-4,INV-B1069-3,INV-B1069-4,506.4,9.75
TXN-B1069-5,INV-B1069-4,INV-B1069-5,457.0,7.76
TXN-B1070-1,COLLECTION_SOURCE,INV-B1070-1,1028.7,7.77
TXN-B1070-2,INV-B1070-1,INV-B1070-2,948.82,7.88
TXN-B1070-3,INV-B1070-2,INV-B1070-3,874.02,7.82
TXN-B1070-4,INV-B1070-3,INV-B1070-4,805.64,9.42
TXN-B1070-5,INV-B1070-4,INV-B1070-5,729.74,6.79
TXN-B1071-1,COLLECTION_SOURCE,INV-B1071-1,731.07,9.79
TXN-B1071-2,INV-B1071-1,INV-B1071-2,659.5,5.07
TXN-B1071-3,INV-B1071-2,INV-B1071-3,626.05,6.76
TXN-B1071-4,INV-B1071-3,INV-B1071-4,583.74,8.26
TXN-B1071-5,INV-B1071-4,INV-B1071-5,535.54,6.61
TXN-B1072-1,COLLECTION_SOURCE,INV-B1072-1,1246.91,7.95
TXN-B1072-2,INV-B1072-1,INV-B1072-2,1147.8,5.19
TXN-B1072-3,INV-B1072-2,INV-B1072-3,1088.25,9.68
TXN-B1072-4,INV-B1072-3,INV-B1072-4,982.94,6.69
TXN-B1072-5,INV-B1072-4,INV-B1072-5,917.2,8.3
TXN-B1073-1,COLLECTION_SOURCE,INV-B1073-1,1195.96,6.17
TXN-B1073-2,INV-B1073-1,INV-B1073-2,1122.18,9.57
TXN-B1073-3,INV-B1073-2,INV-B1073-3,1014.74,8.55
TXN-B1073-4,INV-B1073-3,INV-B1073-4,927.96,7.26
TXN-B1073-5,INV-B1073-4,INV-B1073-5,860.62,5.96
TXN-B1074-1,COLLECTION_SOURCE,INV-B1074-1,797.69,7.95
TXN-B1074-2,INV-B1074-1,INV-B1074-2,734.31,6.32
TXN-B1074-3,INV-B1074-2,INV-B1074-3,687.87,7.54
TXN-B1074-4,INV-B1074-3,INV-B1074-4,635.97,9.1
TXN-B1074-5,INV-B1074-4,INV-B1074-5,578.13,7.44
TXN-B1075-1,COLLECTION_SOURCE,INV-B1075-1,623.97,8.86
TXN-B1075-2,INV-B1075-1,INV-B1075-2,568.71,9.8
TXN-B1075-3,INV-B1075-2,INV-B1075-3,512.99,7.42
TXN-B1075-4,INV-B1075-3,INV-B1075-4,474.95,9.48
TXN-B1075-5,INV-B1075-4,INV-B1075-5,429.93,9.82
TXN-B1076-1,COLLECTION_SOURCE,INV-B1076-1,665.6,9.1
TXN-B1076-2,INV-B1076-1,INV-B1076-2,605.03,6.49
TXN-B1076-3,INV-B1076-2,INV-B1076-3,565.75,7.73
TXN-B1076-4,INV-B1076-3,INV-B1076-4,522.02,9.56
TXN-B1076-5,INV-B1076-4,INV-B1076-5,472.1,6.75
TXN-B1077-1,COLLECTION_SOURCE,INV-B1077-1,1703.25,8.83
TXN-B1077-2,INV-B1077-1,INV-B1077-2,1552.91,6.47
TXN-B1077-3,INV-B1077-2,INV-B1077-3,1452.5,7.04
TXN-B1077-4,INV-B1077-3,INV-B1077-4,1350.27,8.56
TXN-B1077-5,INV-B1077-4,INV-B1077-5,1234.74,7.63
TXN-B1078-1,COLLECTION_SOURCE,INV-B1078-1,1334.11,8.1
TXN-B1078-2,INV-B1078-1,INV-B1078-2,1226.04,8.56
TXN-B1078-3,INV-B1078-2,INV-B1078-3,1121.05,7.35
TXN-B1078-4,INV-B1078-3,INV-B1078-4,1038.68,9.93
TXN-B1078-5,INV-B1078-4,INV-B1078-5,935.56,8.46
TXN-B1079-1,COLLECTION_SOURCE,INV-B1079-1,1932.57,5.62
TXN-B1079-2,INV-B1079-1,INV-B1079-2,1824.02,8.68
TXN-B1079-3,INV-B1079-2,INV-B1079-3,1665.67,7.43
TXN-B1079-4,INV-B1079-3,INV-B1079-4,1541.84,6.1
TXN-B1079-5,INV-B1079-4,INV-B1079-5,1447.84,6.12
TXN-B1080-1,COLLECTION_SOURCE,INV-B1080-1,1499.08,9.95
TXN-B1080-2,INV-B1080-1,INV-B1080-2,1349.98,5.14
TXN-B1080-3,INV-B1080-2,INV-B1080-3,1280.61,8.08
TXN-B1080-4,INV-B1080-3,INV-B1080-4,1177.15,9.08
TXN-B1080-5,INV-B1080-4,INV-B1080-5,1070.26,6.25
TXN-B1081-1,COLLECTION_SOURCE,INV-B1081-1,1467.97,47.74
TXN-B1081-2,INV-B1081-1,INV-B1081-2,767.11,22.21
TXN-B1081-3,INV-B1081-2,INV-B1081-3,596.75,44.73
TXN-B1081-4,INV-B1081-3,INV-B1081-4,329.85,11.29
TXN-B1081-5,INV-B1081-4,INV-B1081-5,292.6,35.29
TXN-B1082-1,COLLECTION_SOURCE,INV-B1082-1,1121.58,44.87
TXN-B1082-2,INV-B1082-1,INV-B1082-2,618.38,40.89
TXN-B1082-3,INV-B1082-2,INV-B1082-3,365.52,40.17
TXN-B1082-4,INV-B1082-3,INV-B1082-4,218.71,33.89
TXN-B1082-5,INV-B1082-4,INV-B1082-5,144.6,30.53
TXN-B1083-1,COLLECTION_SOURCE,INV-B1083-1,1810.62,9.91
TXN-B1083-2,INV-B1083-1,INV-B1083-2,1631.28,12.43
TXN-B1083-3,INV-B1083-2,INV-B1083-3,1428.44,47.53
TXN-B1083-4,INV-B1083-3,INV-B1083-4,749.53,9.39
TXN-B1083-5,INV-B1083-4,INV-B1083-5,679.17,28.84
TXN-B1084-1,COLLECTION_SOURCE,INV-B1084-1,863.45,17.99
TXN-B1084-2,INV-B1084-1,INV-B1084-2,708.15,36.98
TXN-B1084-3,INV-B1084-2,INV-B1084-3,446.26,39.76
TXN-B1084-4,INV-B1084-3,INV-B1084-4,268.81,23.8
TXN-B1084-5,INV-B1084-4,INV-B1084-5,204.83,49.05
TXN-B1085-1,COLLECTION_SOURCE,INV-B1085-1,643.92,31.19
TXN-B1085-2,INV-B1085-1,INV-B1085-2,443.07,29.83
TXN-B1085-3,INV-B1085-2,INV-B1085-3,310.89,6.93
TXN-B1085-4,INV-B1085-3,INV-B1085-4,289.36,24.61
TXN-B1085-5,INV-B1085-4,INV-B1085-5,218.15,47.6
TXN-B1086-1,COLLECTION_SOURCE,INV-B1086-1,645.68,28.63
TXN-B1086-2,INV-B1086-1,INV-B1086-2,460.81,19.11
TXN-B1086-3,INV-B1086-2,INV-B1086-3,372.73,30.91
TXN-B1086-4,INV-B1086-3,INV-B1086-4,257.51,38.53
TXN-B1086-5,INV-B1086-4,INV-B1086-5,158.28,45.49
TXN-B1087-1,COLLECTION_SOURCE,INV-B1087-1,1618.44,13.85
TXN-B1087-2,INV-B1087-1,INV-B1087-2,1394.28,41.24
TXN-B1087-3,INV-B1087-2,INV-B1087-3,819.22,7.72
TXN-B1087-4,INV-B1087-3,INV-B1087-4,755.97,41.57
TXN-B1087-5,INV-B1087-4,INV-B1087-5,441.73,20.69
TXN-B1088-1,COLLECTION_SOURCE,INV-B1088-1,1086.42,38.78
TXN-B1088-2,INV-B1088-1,INV-B1088-2,665.08,33.04
TXN-B1088-3,INV-B1088-2,INV-B1088-3,445.3,6.56
TXN-B1088-4,INV-B1088-3,INV-B1088-4,416.11,35.06
TXN-B1088-5,INV-B1088-4,INV-B1088-5,270.21,19.23
TXN-B1089-1,COLLECTION_SOURCE,INV-B1089-1,718.69,13.02
TXN-B1089-2,INV-B1089-1,INV-B1089-2,625.09,16.14
TXN-B1089-3,INV-B1089-2,INV-B1089-3,524.2,6.31
TXN-B1089-4,INV-B1089-3,INV-B1089-4,491.11,8.03
TXN-B1089-5,INV-B1089-4,INV-B1089-5,451.69,40.51
TXN-B1090-1,COLLECTION_SOURCE,INV-B1090-1,846.14,15.66
TXN-B1090-2,INV-B1090-1,INV-B1090-2,713.61,31.31
TXN-B1090-3,INV-B1090-2,INV-B1090-3,490.2,5.35
TXN-B1090-4,INV-B1090-3,INV-B1090-4,463.99,47.36
TXN-B1090-5,INV-B1090-4,INV-B1090-5,244.25,46.09
TXN-B1091-1,COLLECTION_SOURCE,INV-B1091-1,1355.26,46.36
TXN-B1091-2,INV-B1091-1,INV-B1091-2,727.0,49.34
TXN-B1091-3,INV-B1091-2,INV-B1091-3,368.32,29.35
TXN-B1091-4,INV-B1091-3,INV-B1091-4,260.22,35.91
TXN-B1091-5,INV-B1091-4,INV-B1091-5,166.78,34.67
TXN-B1092-1,COLLECTION_SOURCE,INV-B1092-1,934.72,46.91
TXN-B1092-2,INV-B1092-1,INV-B1092-2,496.26,7.41
TXN-B1092-3,INV-B1092-2,INV-B1092-3,459.51,39.36
TXN-B1092-4,INV-B1092-3,INV-B1092-4,278.65,33.65
TXN-B1092-5,INV-B1092-4,INV-B1092-5,184.88,13.01
TXN-B1093-1,COLLECTION_SOURCE,INV-B1093-1,1505.22,17.64
TXN-B1093-2,INV-B1093-1,INV-B1093-2,1239.68,15.8
TXN-B1093-3,INV-B1093-2,INV-B1093-3,1043.86,31.27
TXN-B1093-4,INV-B1093-3,INV-B1093-4,717.41,9.27
TXN-B1093-5,INV-B1093-4,INV-B1093-5,650.92,25.9
TXN-B1094-1,COLLECTION_SOURCE,INV-B1094-1,1924.77,23.84
TXN-B1094-2,INV-B1094-1,INV-B1094-2,1465.95,43.96
TXN-B1094-3,INV-B1094-2,INV-B1094-3,821.45,47.35
TXN-B1094-4,INV-B1094-3,INV-B1094-4,432.5,5.27
TXN-B1094-5,INV-B1094-4,INV-B1094-5,409.69,25.51
TXN-B1095-1,COLLECTION_SOURCE,INV-B1095-1,1533.55,36.7
TXN-B1095-2,INV-B1095-1,INV-B1095-2,970.8,24.53
TXN-B1095-3,INV-B1095-2,INV-B1095-3,732.68,10.24
TXN-B1095-4,INV-B1095-3,INV-B1095-4,657.68,34.79
TXN-B1095-5,INV-B1095-4,INV-B1095-5,428.84,43.36
TXN-B1096-1,COLLECTION_SOURCE,INV-B1096-1,1665.78,46.56
TXN-B1096-2,INV-B1096-1,INV-B1096-2,890.27,14.37
TXN-B1096-3,INV-B1096-2,INV-B1096-3,762.3,46.31
TXN-B1096-4,INV-B1096-3,INV-B1096-4,409.25,32.93
TXN-B1096-5,INV-B1096-4,INV-B1096-5,274.48,14.31
TXN-B1097-1,COLLECTION_SOURCE,INV-B1097-1,1135.71,40.9
TXN-B1097-2,INV-B1097-1,INV-B1097-2,671.25,31.43
TXN-B1097-3,INV-B1097-2,INV-B1097-3,460.28,42.56
TXN-B1097-4,INV-B1097-3,INV-B1097-4,264.4,29.79
TXN-B1097-5,INV-B1097-4,INV-B1097-5,185.64,26.41
TXN-B1098-1,COLLECTION_SOURCE,INV-B1098-1,503.48,9.84
TXN-B1098-2,INV-B1098-1,INV-B1098-2,453.92,39.5
TXN-B1098-3,INV-B1098-2,INV-B1098-3,274.61,45.12
TXN-B1098-4,INV-B1098-3,INV-B1098-4,150.7,29.69
TXN-B1098-5,INV-B1098-4,INV-B1098-5,105.96,19.94
TXN-B1099-1,COLLECTION_SOURCE,INV-B1099-1,973.69,9.54
TXN-B1099-2,INV-B1099-1,INV-B1099-2,880.79,37.11
TXN-B1099-3,INV-B1099-2,INV-B1099-3,553.94,30.27
TXN-B1099-4,INV-B1099-3,INV-B1099-4,386.24,21.55
TXN-B1099-5,INV-B1099-4,INV-B1099-5,303.0,17.26
TXN-B1100-1,COLLECTION_SOURCE,INV-B1100-1,1954.89,23.97
TXN-B1100-2,INV-B1100-1,INV-B1100-2,1486.29,14.81
TXN-B1100-3,INV-B1100-2,INV-B1100-3,1266.23,5.42
TXN-B1100-4,INV-B1100-3,INV-B1100-4,1197.62,43.05
TXN-B1100-5,INV-B1100-4,INV-B1100-5,682.0,13.03
TXN-B1101-1,COLLECTION_SOURCE,INV-B1101-1,934.74,65.54
TXN-B1101-2,INV-B1101-1,INV-B1101-2,322.08,63.14
TXN-B1101-3,INV-B1101-2,INV-B1101-3,118.72,1.82
TXN-B1101-4,INV-B1101-3,INV-B1101-4,116.56,27.02
TXN-B1101-5,INV-B1101-4,INV-B1101-5,85.07,48.08
TXN-B1102-1,COLLECTION_SOURCE,INV-B1102-1,998.7,55.45
TXN-B1102-2,INV-B1102-1,INV-B1102-2,444.9,60.95
TXN-B1102-3,INV-B1102-2,INV-B1102-3,173.73,18.15
TXN-B1102-4,INV-B1102-3,INV-B1102-4,142.19,8.37
TXN-B1102-5,INV-B1102-4,INV-B1102-5,130.29,-3.31
TXN-B1103-1,COLLECTION_SOURCE,INV-B1103-1,1534.69,28.82
TXN-B1103-2,INV-B1103-1,INV-B1103-2,1092.33,38.8
TXN-B1103-3,INV-B1103-2,INV-B1103-3,668.49,44.61
TXN-B1103-4,INV-B1103-3,INV-B1103-4,370.3,52.54
TXN-B1103-5,INV-B1103-4,INV-B1103-5,175.73,52.15
TXN-B1104-1,COLLECTION_SOURCE,INV-B1104-1,1953.14,0.28
TXN-B1104-2,INV-B1104-1,INV-B1104-2,1947.61,36.21
TXN-B1104-3,INV-B1104-2,INV-B1104-3,1242.41,40.03
TXN-B1104-4,INV-B1104-3,INV-B1104-4,745.05,-3.83
TXN-B1104-5,INV-B1104-4,INV-B1104-5,773.56,45.57
TXN-B1105-1,COLLECTION_SOURCE,INV-B1105-1,1830.65,-2.32
TXN-B1105-2,INV-B1105-1,INV-B1105-2,1873.15,29.69
TXN-B1105-3,INV-B1105-2,INV-B1105-3,1317.1,68.89
TXN-B1105-4,INV-B1105-3,INV-B1105-4,409.75,46.98
TXN-B1105-5,INV-B1105-4,INV-B1105-5,217.24,55.0
TXN-B1106-1,COLLECTION_SOURCE,INV-B1106-1,1939.16,66.25
TXN-B1106-2,INV-B1106-1,INV-B1106-2,654.45,-3.51
TXN-B1106-3,INV-B1106-2,INV-B1106-3,677.4,14.74
TXN-B1106-4,INV-B1106-3,INV-B1106-4,577.54,65.01
TXN-B1106-5,INV-B1106-4,INV-B1106-5,202.07,21.22
TXN-B1107-1,COLLECTION_SOURCE,INV-B1107-1,1190.1,64.96
TXN-B1107-2,INV-B1107-1,INV-B1107-2,417.05,-1.49
TXN-B1107-3,INV-B1107-2,INV-B1107-3,423.25,59.32
TXN-B1107-4,INV-B1107-3,INV-B1107-4,172.19,2.04
TXN-B1107-5,INV-B1107-4,INV-B1107-5,168.68,7.69
TXN-B1108-1,COLLECTION_SOURCE,INV-B1108-1,608.47,50.39
TXN-B1108-2,INV-B1108-1,INV-B1108-2,301.85,35.86
TXN-B1108-3,INV-B1108-2,INV-B1108-3,193.61,58.42
TXN-B1108-4,INV-B1108-3,INV-B1108-4,80.51,52.96
TXN-B1108-5,INV-B1108-4,INV-B1108-5,37.87,9.17
TXN-B1109-1,COLLECTION_SOURCE,INV-B1109-1,1285.01,22.87
TXN-B1109-2,INV-B1109-1,INV-B1109-2,991.12,52.87
TXN-B1109-3,INV-B1109-2,INV-B1109-3,467.15,57.38
TXN-B1109-4,INV-B1109-3,INV-B1109-4,199.11,65.69
TXN-B1109-5,INV-B1109-4,INV-B1109-5,68.31,64.06
TXN-B1110-1,COLLECTION_SOURCE,INV-B1110-1,806.59,-6.8
TXN-B1110-2,INV-B1110-1,INV-B1110-2,861.43,40.51
TXN-B1110-3,INV-B1110-2,INV-B1110-3,512.51,44.46
TXN-B1110-4,INV-B1110-3,INV-B1110-4,284.66,3.11
TXN-B1110-5,INV-B1110-4,INV-B1110-5,275.8,56.94
TXN-B1111-1,COLLECTION_SOURCE,INV-B1111-1,1277.69,-0.46
TXN-B1111-2,INV-B1111-1,INV-B1111-2,1283.57,24.94
TXN-B1111-3,INV-B1111-2,INV-B1111-3,963.5,8.35
TXN-B1111-4,INV-B1111-3,INV-B1111-4,883.08,59.46
TXN-B1111-5,INV-B1111-4,INV-B1111-5,358.03,4.31
TXN-B1112-1,COLLECTION_SOURCE,INV-B1112-1,1190.62,-6.35
TXN-B1112-2,INV-B1112-1,INV-B1112-2,1266.23,0.27
TXN-B1112-3,INV-B1112-2,INV-B1112-3,1262.76,64.42
TXN-B1112-4,INV-B1112-3,INV-B1112-4,449.27,44.69
TXN-B1112-5,INV-B1112-4,INV-B1112-5,248.49,49.2
TXN-B1113-1,COLLECTION_SOURCE,INV-B1113-1,818.83,-3.47
TXN-B1113-2,INV-B1113-1,INV-B1113-2,847.23,27.5
TXN-B1113-3,INV-B1113-2,INV-B1113-3,614.25,39.79
TXN-B1113-4,INV-B1113-3,INV-B1113-4,369.84,45.24
TXN-B1113-5,INV-B1113-4,INV-B1113-5,202.53,30.38
TXN-B1114-1,COLLECTION_SOURCE,INV-B1114-1,1005.9,48.23
TXN-B1114-2,INV-B1114-1,INV-B1114-2,520.79,50.11
TXN-B1114-3,INV-B1114-2,INV-B1114-3,259.82,26.1
TXN-B1114-4,INV-B1114-3,INV-B1114-4,192.02,21.6
TXN-B1114-5,INV-B1114-4,INV-B1114-5,150.55,40.24
TXN-B1115-1,COLLECTION_SOURCE,INV-B1115-1,1985.14,-3.43
TXN-B1115-2,INV-B1115-1,INV-B1115-2,2053.27,18.02
TXN-B1115-3,INV-B1115-2,INV-B1115-3,1683.22,19.04
TXN-B1115-4,INV-B1115-3,INV-B1115-4,1362.81,25.42
TXN-B1115-5,INV-B1115-4,INV-B1115-5,1016.33,22.82
TXN-B1116-1,COLLECTION_SOURCE,INV-B1116-1,982.66,29.61
TXN-B1116-2,INV-B1116-1,INV-B1116-2,691.66,3.16
TXN-B1116-3,INV-B1116-2,INV-B1116-3,669.82,67.08
TXN-B1116-4,INV-B1116-3,INV-B1116-4,220.53,54.91
TXN-B1116-5,INV-B1116-4,INV-B1116-5,99.43,16.08
TXN-B1117-1,COLLECTION_SOURCE,INV-B1117-1,1345.9,22.25
TXN-B1117-2,INV-B1117-1,INV-B1117-2,1046.42,-6.24
TXN-B1117-3,INV-B1117-2,INV-B1117-3,1111.69,61.5
TXN-B1117-4,INV-B1117-3,INV-B1117-4,428.03,-4.94
TXN-B1117-5,INV-B1117-4,INV-B1117-5,449.16,68.45
TXN-B1118-1,COLLECTION_SOURCE,INV-B1118-1,609.87,56.64
TXN-B1118-2,INV-B1118-1,INV-B1118-2,264.43,21.62
TXN-B1118-3,INV-B1118-2,INV-B1118-3,207.27,48.46
TXN-B1118-4,INV-B1118-3,INV-B1118-4,106.82,10.71
TXN-B1118-5,INV-B1118-4,INV-B1118-5,95.38,13.68
TXN-B1119-1,COLLECTION_SOURCE,INV-B1119-1,1266.16,38.46
TXN-B1119-2,INV-B1119-1,INV-B1119-2,779.17,43.51
TXN-B1119-3,INV-B1119-2,INV-B1119-3,440.15,-4.67
TXN-B1119-4,INV-B1119-3,INV-B1119-4,460.72,-8.59
TXN-B1119-5,INV-B1119-4,INV-B1119-5,500.31,20.31
TXN-B1120-1,COLLECTION_SOURCE,INV-B1120-1,1876.23,52.47
TXN-B1120-2,INV-B1120-1,INV-B1120-2,891.7,57.04
TXN-B1120-3,INV-B1120-2,INV-B1120-3,383.11,63.47
TXN-B1120-4,INV-B1120-3,INV-B1120-4,139.94,46.65
TXN-B1120-5,INV-B1120-4,INV-B1120-5,74.65,68.25
